{"cameraMode":{"drawMode":0,"name":"Shaded","section":"Shading Mode"},"sceneLighting":true,"audioPlay":false,"sceneViewState":{"m_AlwaysRefresh":false,"showFog":true,"showSkybox":false,"showFlares":true,"showImageEffects":true,"showParticleSystems":true,"showVisualEffectGraphs":true,"m_FxEnabled":true},"in2DMode":false,"pivot":{"x":0.5574941635131836,"y":0.44525694847106936,"z":-0.24376481771469117},"rotation":{"x":-0.09141191095113754,"y":-0.8279876708984375,"z":0.14174820482730866,"w":-0.5345311760902405},"size":1.2247449159622193,"orthographic":false}